company_name,email,phone,address,review,company_url,service
EDISTUDIO COMUNICACIÓN,,915765250,"PASEO CASTELLANA, 257 4 28046 MADRID (MADRID)",4.5,http://www.estudiodecomunicacion.com,Comunicación y relaciones públicas
ASESORES DE RELACIONES PUBLICAS Y COMUNICACIÓN,comunicacion@comunicacionrrpp.com,915774554,"CALLE DE LA BASILICA 19, 4A 28020 MADRID (MADRID)",4.5,https://www.comunicacionrrpp.com,Comunicación y relaciones públicas
OSTOSSOLA,,913095971,"CALLE AYALA, 86 BJ IZDA 28001 MADRID (MADRID)",4.5,https://www.ostossola.com,Comunicación y relaciones públicas
INTROIBÉRICA,Agenciapr@introiberica.com,914351286,"CALLE RETAMAR, 11 28043 MADRID (MADRID)",4.5,http://www.introiberica.com,Comunicación y relaciones públicas
EDISTUDIO COMUNICACIÓN,,915765430,"CALLE JORGE JUAN, 7 28001 MADRID (MADRID)",4.0,http://www.estudiodecomunicacion.com,Comunicación y relaciones públicas
PLANNER MEDIA,,917870300,"CALLE ADELA DE BALBOA, 3 4 28039 MADRID (MADRID)",3.0,http://www.plannermedia.com,Comunicación y relaciones públicas
SCR-RRPP,,934342920,"CARRER BELLESGUARD, 43 08035 BARCELONA (BARCELONA)",3.0,http://www.scr-rrpp.com,Comunicación y relaciones públicas
QMSCOMUNICACION,,913431286,"CALLE ARTURO SORIA, 180 4 A 28043 MADRID (MADRID)",3.0,http://www.qmscomunicacion.com,Comunicación y relaciones públicas
MAS CONSULTING GROUP ASESORES DE COMUNICACION S.L.,Info@masconsulting.es,915615774,"CALLE SERRANO, 31 4 IZDA 28001 MADRID (MADRID)",3.0,https://www.masconsulting.es/,Comunicación y relaciones públicas
SCR-RRPP,Sheena.campbell@scr-rrpp.com,932123295,"CARRER BELLESGUARD, 43 08035 BARCELONA (BARCELONA)",3.0,http://www.scr-rrpp.com,Comunicación y relaciones públicas
TMORGANIZADOR,,974243466,"AVENIDA DE LOS PIRINEOS, 12 1 B 22004 HUESCA (HUESCA)",3.0,http://www.tmorganizador.com,Comunicación y relaciones públicas
ASUNTOS PÚBLICOS ESTRATEGOS S.L.,Info@estrategos.org,,"CALLE HENRI DUNANT 17, DESP 1, 28036 MADRID (MADRID)",3.0,http://www.estrategos.com,Comunicación y relaciones públicas
EDELMAN,Richard.edelman@edelman.com,915560154,"PASEO CASTELLANA, 91 28046 MADRID (MADRID)",3.0,http://www.edelman.es,Comunicación y relaciones públicas
MAHALA,,934127878,"CALLE CONDE DE XIQUENA, 9 3 DERECHA 28004 MADRID (MADRID)",3.0,http://www.mahala.org,Comunicación y relaciones públicas
ALEPH COMUNICACION SL,Patricia.criado@alephcom.es,913866999,"AVENIDA MANOTERAS, 38 OFI 514 D 5 28050 MADRID (MADRID)",3.0,http://www.alephcom.es,Comunicación y relaciones públicas
SHACKLETON,,913202194,"GLORIETA PEREZ CIDON, 4 28027 MADRID (MADRID)",3.0,http://www.shackleton.es,Comunicación y relaciones públicas
ICM,Madrid@edelman.com,,"CALLE ALMAGRO, 25 2 IZ 28010 MADRID (MADRID)",3.0,,Comunicación y relaciones públicas
EDELMAN,,934672601,"CARRER GRACIA, 86 08012 BARCELONA (BARCELONA)",3.0,http://www.edelman.es,Comunicación y relaciones públicas
ALEPH COMUNICACION SL,,,"CALLE CASTILLA, 3 28039 MADRID (MADRID)",3.0,http://www.alephcom.es,Comunicación y relaciones públicas
EDISTUDIO COMUNICACIÓN,,915765250,"PASEO CASTELLANA, 257 4 28046 MADRID (MADRID)",4.5,http://www.estudiodecomunicacion.com,Comunicación y relaciones públicas
ASESORES DE RELACIONES PUBLICAS Y COMUNICACIÓN,comunicacion@comunicacionrrpp.com,915774554,"CALLE DE LA BASILICA 19, 4A 28020 MADRID (MADRID)",4.5,https://www.comunicacionrrpp.com,Comunicación y relaciones públicas
OSTOSSOLA,,913095971,"CALLE AYALA, 86 BJ IZDA 28001 MADRID (MADRID)",4.5,https://www.ostossola.com,Comunicación y relaciones públicas
INTROIBÉRICA,Agenciapr@introiberica.com,914351286,"CALLE RETAMAR, 11 28043 MADRID (MADRID)",4.5,http://www.introiberica.com,Comunicación y relaciones públicas
EDISTUDIO COMUNICACIÓN,,915765430,"CALLE JORGE JUAN, 7 28001 MADRID (MADRID)",4.0,http://www.estudiodecomunicacion.com,Comunicación y relaciones públicas
PLANNER MEDIA,,917870300,"CALLE ADELA DE BALBOA, 3 4 28039 MADRID (MADRID)",3.0,http://www.plannermedia.com,Comunicación y relaciones públicas
SCR-RRPP,,934342920,"CARRER BELLESGUARD, 43 08035 BARCELONA (BARCELONA)",3.0,http://www.scr-rrpp.com,Comunicación y relaciones públicas
QMSCOMUNICACION,,913431286,"CALLE ARTURO SORIA, 180 4 A 28043 MADRID (MADRID)",3.0,http://www.qmscomunicacion.com,Comunicación y relaciones públicas
MAS CONSULTING GROUP ASESORES DE COMUNICACION S.L.,Info@masconsulting.es,915615774,"CALLE SERRANO, 31 4 IZDA 28001 MADRID (MADRID)",3.0,https://www.masconsulting.es/,Comunicación y relaciones públicas
SCR-RRPP,Sheena.campbell@scr-rrpp.com,932123295,"CARRER BELLESGUARD, 43 08035 BARCELONA (BARCELONA)",3.0,http://www.scr-rrpp.com,Comunicación y relaciones públicas
TMORGANIZADOR,,974243466,"AVENIDA DE LOS PIRINEOS, 12 1 B 22004 HUESCA (HUESCA)",3.0,http://www.tmorganizador.com,Comunicación y relaciones públicas
ASUNTOS PÚBLICOS ESTRATEGOS S.L.,Info@estrategos.org,,"CALLE HENRI DUNANT 17, DESP 1, 28036 MADRID (MADRID)",3.0,http://www.estrategos.com,Comunicación y relaciones públicas
EDELMAN,Richard.edelman@edelman.com,915560154,"PASEO CASTELLANA, 91 28046 MADRID (MADRID)",3.0,http://www.edelman.es,Comunicación y relaciones públicas
MAHALA,,934127878,"CALLE CONDE DE XIQUENA, 9 3 DERECHA 28004 MADRID (MADRID)",3.0,http://www.mahala.org,Comunicación y relaciones públicas
ALEPH COMUNICACION SL,Patricia.criado@alephcom.es,913866999,"AVENIDA MANOTERAS, 38 OFI 514 D 5 28050 MADRID (MADRID)",3.0,http://www.alephcom.es,Comunicación y relaciones públicas
SHACKLETON,,913202194,"GLORIETA PEREZ CIDON, 4 28027 MADRID (MADRID)",3.0,http://www.shackleton.es,Comunicación y relaciones públicas
ICM,Madrid@edelman.com,,"CALLE ALMAGRO, 25 2 IZ 28010 MADRID (MADRID)",3.0,,Comunicación y relaciones públicas
EDELMAN,,934672601,"CARRER GRACIA, 86 08012 BARCELONA (BARCELONA)",3.0,http://www.edelman.es,Comunicación y relaciones públicas
ALEPH COMUNICACION SL,,,"CALLE CASTILLA, 3 28039 MADRID (MADRID)",3.0,http://www.alephcom.es,Comunicación y relaciones públicas
PLCSPAIN,Plc@plcspain.com,956794112,"CALLE BAILEN, 21 11311 GUADIARO (CADIZ)",4.5,http://www.plcspain.com,Comunicación y relaciones públicas
OPTIMASTUDIO,Hola@optimastudio.com,,"CALLE PEDRO TEIXEIRA, 10 28020 MADRID (MADRID)",4.5,http://www.optimastudio.com,Comunicación y relaciones públicas
DELAMONCIRCUS,,915317013,"CALLE HORTALEZA, 64 3 C 28004 MADRID (MADRID)",4.5,https://www.delamoncircus.com,Comunicación y relaciones públicas
SERVICION INTEGRADOS TECNOLOGICOS S. L. L.,,928293449,"CALLE LEON Y CASTILLO, 39 35003 LAS PALMAS DE GRAN CANARIA (LAS PALMAS)",4.5,http://www.servicios-it.com,Comunicación y relaciones públicas
EFECTODIRECTO,,915309990,"CALLE JULIAN RABANEDO, 50 28045 MADRID (MADRID)",4.5,http://www.efectodirecto.es,Comunicación y relaciones públicas
THE TROOP,Info@thetroop.es,606817508,CALLE DE LA PAZ 29 – 7 46003 VALENCIA (VALENCIA),4.5,https://thetroop.es,Comunicación y relaciones públicas
LABRAND,Labrand@labrand.es,934197364,"CARRER CORSEGA, 95 P AT 08029 BARCELONA (BARCELONA)",4.5,http://labrand.es,Comunicación y relaciones públicas
DINAVIA PRO S.L.,,910805732,"CALLE POETA JIMENEZ DE CASTRO, 2 45600 TALAVERA DE LA REINA (TOLEDO)",4.5,http://www.ambigua.es,Comunicación y relaciones públicas
TRAZADA,,913575061,"CALLE HAYA, 4 28044 MADRID (MADRID)",4.5,http://www.trazada.com,Comunicación y relaciones públicas
INOFFCOMUNICACION,,958277632,"PLAZA DE VILLAMENA, 4 18001 GRANADA (GRANADA)",4.5,http://www.inoffcomunicacion.com,Comunicación y relaciones públicas
TRIADACOMUNICACION,,913080866,"CALLE JAVIER DEL QUINTO, 4 5 5 28043 MADRID (MADRID)",4.5,http://www.triadacomunicacion.com,Comunicación y relaciones públicas
JEHSL,,961794077,"POLIGON INDUSTRIAL FUENTE DE MUZA, S/N PARC 3 46450 BENIFAIÓ (VALENCIA)",4.5,http://www.jehsl.com,Comunicación y relaciones públicas
GOMEZ ACEBO,Info@gomezacebo.com,917815023,"CALLE CONDE DE ARANDA, 22 BJ 28001 MADRID (MADRID)",4.5,http://www.gomezacebo.com,Comunicación y relaciones públicas
ATENA,,915989838,"CALLE SANTANDER, 3 2 28003 MADRID (MADRID)",4.5,http://www.ateneacm.es,Comunicación y relaciones públicas
QYA-IMAGEN,,932404420,"CARRER RECTOR UBACH, 7 08021 BARCELONA (BARCELONA)",4.5,http://www.qya-imagen.com,Comunicación y relaciones públicas
TORRES Y CARRERA CONSULTORES DE COMUNICACION S.L.,,981537617,"RUA SILVOUTA ROXOS, 123 15896 SANTIAGO DE COMPOSTELA (A CORUÑA)",4.0,http://www.torresycarrera.com,Comunicación y relaciones públicas
TORRES Y CARRERA CONSULTORES DE COMUNICACION S.L.,,,"AVENIDA GARCIA BARBON, 112 36201 VIGO (PONTEVEDRA)",4.0,http://www.torresycarrera.com,Comunicación y relaciones públicas
TGD,,,"CARRER RECTOR VOLTA, 2 BJ 08034 BARCELONA (BARCELONA)",4.0,http://www.tgd.info,Comunicación y relaciones públicas
DELTA MARKETING RESEARCH S.L.,,934879518,"CARRER MALLORCA, 319 PAR 2 PR 2 08037 BARCELONA (BARCELONA)",4.0,http://www.deltaresearch.net,Comunicación y relaciones públicas
IPCOMUNICACION,,934143175,"TRAVESSERA DE GRACIA, 73 08006 BARCELONA (BARCELONA)",4.0,http://www.ipcomunicacion.com,Comunicación y relaciones públicas
HAVAS PR MADRID,,914569078,"CALLE ELOY GONZALO, 10 28010 MADRID (Madrid )",4.0,http://www.havasmedia.com,Comunicación y relaciones públicas
OFFMEDIA,Contacto@offmedia.es,910179514,"San German 5, 12 C 28020 Madrid (Madrid )",4.0,http://www.offmedia.es,Comunicación y relaciones públicas
EVENTISIMO,Info@eventisimo.es,,"CALLE BALANCE,16 MAIRENA DEL ALJARAFE  MAIRENA DEL ALJARAFE (SEVILLA)",4.0,https://www.eventisimo.es,Comunicación y relaciones públicas
PIOLET,Kirolak@piolet.es,943053198,(),4.0,http://www.piolet.es,Comunicación y relaciones públicas
COMUNICACIÓN Y EDICIÓN EN RED,,,VALENCIA (VALENCIA),4.0,http://www.andrearlluch.com,Comunicación y relaciones públicas
LADESPENSA,,913275157,"CALLE SANTA CRUZ DE MARCENADO, 4 28015 MADRID (Madrid )",3.5,https://www.ladespensa.es,Comunicación y relaciones públicas
DOUBLE YOU,,932923110,"CARRER DE L' ESGLESIA, 4 08024 BARCELONA (BARCELONA)",3.0,http://www.doubleyou.com,Comunicación y relaciones públicas
SAATCHI,,911512000,"AVENIDA PARTENON, 12 14 28042 MADRID (MADRID)",3.0,http://www.saatchi.com,Comunicación y relaciones públicas
EVERCOM,,915779272,"CALLE JOSE ABASCAL, 53 5 28003 MADRID (MADRID)",3.0,http://www.evercom.es,Comunicación y relaciones públicas
SEGUIMEDIA SL,,948220353,"CARRER GRACIA, 49 08012 BARCELONA (BARCELONA)",3.0,,Comunicación y relaciones públicas
LEWIS COMMUNICATIONS,,917701516,"CALLE CRONOS, 63 3 28037 MADRID (MADRID)",3.0,http://www.lewispr.es,Comunicación y relaciones públicas
SR.BURNS - BEERS&POLITICS,Alaparato@srburns.es,917586689,"CALLE MARQUES DE AHUMADA, 7 4 28028 MADRID (MADRID)",3.0,https://www.señorburns.es,Comunicación y relaciones públicas
CONMUNICA,Info@coonic.com,,"ALAMEDA RECALDE, 27 7 A 48009 BILBAO (VIZCAYA)",3.0,https://www.conmunica.com,Comunicación y relaciones públicas
DNOISE AGENCIA DE COMUNICACION S.L.,,914449397,"CALLE MONTELEON, 13 28004 MADRID (MADRID)",3.0,http://www.d.noise.net,Comunicación y relaciones públicas
BESTRELATIONS,,902237800,"CALLE GRAN VIA, 57 2 B 28013 MADRID (MADRID)",3.0,http://www.bestrelations.com,Comunicación y relaciones públicas
LINAORTAS,Info@linaortas.com,917351211,"CALLE JUAN RAMON JIMENEZ, 28 1 IZ 28036 MADRID (MADRID)",3.0,http://www.linaortas.es,Comunicación y relaciones públicas
ACILIA INTERNET SL,,910823574,"CALLE CAMPOMANES, 6 QUINTO IZDA 28013 MADRID (MADRID)",3.0,,Comunicación y relaciones públicas
GLOBAL HEALTHCARE ESPAÑA,,932405370,"AVINGUDA JOSE VICENÇ FOIX, 70 LOCAL 4 B 08034 BARCELONA (BARCELONA)",3.0,http://www.globalhealthcare.es,Comunicación y relaciones públicas
INTERPROFIT,Albert.arbos@interprofit.es,915159510,"CALLE ALMIRANTE, 5 1 DR 28004 MADRID (MADRID)",3.0,http://www.interprofit.es,Comunicación y relaciones públicas
GLAUMIOGA,,,"CARRER CASANOVA, 43 47 ESC IZDA P 3 PTA 2 08011 BARCELONA (BARCELONA)",3.0,http://www.glaumioga.com,Comunicación y relaciones públicas
OPEN SOURCE AND SECURITY SERVICES S.L.,,932687320,"CARRER ALMOGAVERS, 107 08018 BARCELONA (BARCELONA)",3.0,,Comunicación y relaciones públicas
SKETCH,Sketch@sketch.es,914747858,"CALLE TOLEDO, 140 28005 MADRID (MADRID)",3.0,http://www.sketch.es,Comunicación y relaciones públicas
ESTUDIODESCAPOTABLE,Melania@estudiodescapotable.com,915361451,"CALLE DE MAX AUB, 3 28003 MADRID (MADRID)",3.0,http://www.estudiodescapotable.com,Comunicación y relaciones públicas
HOTWIRE PUBLIC RELATIONS SPAIN SL,,917441265,"CALLE JAVIER FERRERO, 12 28002 MADRID (MADRID)",3.0,http://www.hotwirepr.com,Comunicación y relaciones públicas
XXLCOMUNICACION,,934526500,"CARRER ENRIC GRANADOS, 32 INT 08008 BARCELONA (BARCELONA)",3.0,http://www.xxlcomunicacion.com,Comunicación y relaciones públicas
ANNIE BONNIE,Crew@anniebonnie.com,916216611,"CALLE PRINCIPE DE VERGARA, 34 2 IZDA 28001 MADRID (MADRID)",3.0,http://anniebonnie.com,Comunicación y relaciones públicas
SERGAT,,934140210,"AVINGUDA PAU CASALS, 4 08021 BARCELONA (BARCELONA)",3.0,http://www.sergat.com,Comunicación y relaciones públicas
CREACOM,,937832824,"RAMBLA IBERIA, 97 08205 SABADELL (BARCELONA)",3.0,http://www.creacom.es,Comunicación y relaciones públicas
GPS,Trenas@gpscom.com,915315530,"CALLE NACIONES, 11 28006 MADRID (MADRID)",3.0,http://www.gpscom.com,Comunicación y relaciones públicas
BARBIZON,,915479903,"PASEO FLORIDA, 19 2 D 28008 MADRID (MADRID)",3.0,http://www.barbizon.es,Comunicación y relaciones públicas
HIC & NOW S.L.L.,C.garcia@hicandnow.es,916304408,"CALLE ZAMORA, 17 28290 LAS MATAS - PINAR - MONTE ROZAS (MADRID)",3.0,http://www.hicandnow.es,Comunicación y relaciones públicas
RDM,Comunica@rdm.es,915470804,"CALLE SAN QUINTIN, 10 28013 MADRID (MADRID)",3.0,http://www.rdm.es,Comunicación y relaciones públicas
ALONSO Y ASOCIADOS IMAGEN Y COMUNICACION S.L.,,915714000,"CALLE MALDONADO, 28 28006 MADRID (MADRID)",3.0,http://www.a-mas-a.com,Comunicación y relaciones públicas
EXIT AUDIOVISUALES,,932890585,"CALLE JOSEP FINESTRES, 7 08030 BARCELONA (BARCELONA)",3.0,https://www.exitaudiovisuales.com,Comunicación y relaciones públicas
ZOOMART DISEÑOS,Diego@zoomart.es,914025707,"AVENIDA FELIPE II, S/N 28009 MADRID (MADRID)",3.0,http://www.zoomart.es,Comunicación y relaciones públicas
BYTWELVE VALDONAIRE S.L.,,916909600,"CALLE DE GUADALAJARA, 14 28970 HUMANES DE MADRID (MADRID)",3.0,http://www.abogadosvaldonaire.es,Comunicación y relaciones públicas
GABINETE GIC S.L.,,932180222,"CARRER MUNTANER, 231 P 4 PTA 2B 08021 BARCELONA (BARCELONA)",3.0,http://www.hermes.com,Comunicación y relaciones públicas
ZOOM3000,,969241387,"CALLE TINTES, 23 16001 CUENCA (CUENCA)",3.0,http://www.zoom3000.es,Comunicación y relaciones públicas
MASTERLINE,,918596657,"CALLE LAS MINAS, 1 28250 TORRELODONES (MADRID)",3.0,http://www.masterline.es,Comunicación y relaciones públicas
EPICENTRICS,,914445114,"CALLE SOLANO, 45 1 C 28223 POZUELO DE ALARCÓN (MADRID)",3.0,http://www.epicentrics.com,Comunicación y relaciones públicas
IDEASAMARES,,976207878,"CALLE ALFONSO I, 18 2 B 50003 ZARAGOZA (ZARAGOZA)",3.0,https://www.ideasamares.com,Comunicación y relaciones públicas
VYPESTUDIO,,986191485,"CALLE BLANCO AMOR, 11 36800 REDONDELA (PONTEVEDRA)",3.0,https://www.vypestudio.com,Comunicación y relaciones públicas
DEOTRAFORMA,,984049088,"AVENIDA GALICIA, 86 6 PTA 8 33212 GIJON (ASTURIAS)",3.0,https://www.deotraforma.es,Comunicación y relaciones públicas
HEYGROUP,,915700020,"PASEO CASTELLANA, 164 28046 MADRID (MADRID)",3.0,https://www.heygroup.es,Comunicación y relaciones públicas
INNOVADOS,,943857328,"POLIGONOA INDUSTRIAL JUINTXIKI, 17 20720 IZARRAITZ (GIPUZKOA)",3.0,http://www.innovados.com,Comunicación y relaciones públicas
VG GLOBAL DATAMEDIA COMUNICACION SL,,914461757,"CALLE MANUEL CORTINA, 11 28010 MADRID (MADRID)",3.0,http://www.barloventocomunicacion.es,Comunicación y relaciones públicas
VESSL,,944051609,"CALLE COLON DE LARREATEGUI, 3 48001 BILBAO (VIZCAYA)",3.0,http://www.vessl.es,Comunicación y relaciones públicas
ESTUDIOS DINAMICOS S.L.,,916920055,"CALLE DE SAN JUAN, 11 28320 PINTO (MADRID)",3.0,http://www.edistudiocomunicacion.com,Comunicación y relaciones públicas
LUCA COMUNICACION CORPORATIVA,,914351712,"CALLE AYALA, 4 28001 MADRID (MADRID)",3.0,http://www.lucacom.com,Comunicación y relaciones públicas
COTA CERO,,965145784,"CARRER SAN FERNANDO, 55 ENIZD 03001 ALACANT (ALACANT)",3.0,http://www.cotacero.com,Comunicación y relaciones públicas
BEONECOMUNICACION,Lsm@beonecomunicacion.com,933634294,"CARRER CORSEGA, 38 08029 BARCELONA (BARCELONA)",3.0,http://www.beonecomunicacion.com,Comunicación y relaciones públicas
GEST-COM,,938770103,"CARRER OMS I DE PRAT, 13 08241 MANRESA (BARCELONA)",3.0,http://www.gest-com.com,Comunicación y relaciones públicas
MOSAIQ,,917810332,"CALLE ALCALA, 68 28009 MADRID (MADRID)",3.0,http://www.mosaiq.es,Comunicación y relaciones públicas
MAGNAVISTA,Info@magnavista.es,942390401,"CALLE MARIA CRISTINA, 1 39001 SANTANDER (CANTABRIA)",3.0,https://www.magnavista.es,Comunicación y relaciones públicas
BEST IMAGEN S.L.,,916506506,"PASEO DE LA MARQUESA VIUDA DE ALDAMA, 54 28109 ALCOBENDAS (MADRID)",3.0,,Comunicación y relaciones públicas
CPICONSULTORES,,915158610,"CALLE CADARSO, 16 SOE 28008 MADRID (MADRID)",3.0,http://www.cpiconsultores.es,Comunicación y relaciones públicas
VIA LACTEA COMUNICACION S.L.,,981554407,"PRAZA DA NOSA SEÑORA DA MERCE DE CONXO, 6 15706 SANTIAGO DE COMPOSTELA (A CORUÑA)",3.0,http://www.vialactea.es,Comunicación y relaciones públicas
"NECESIDADES INTEGRALES DE COMUNICACION, S.L.L.",Info@asesorianeico.com,952843997,"POLIGONO INDUSTRIAL LA AZUCARERA, S/N 29200 ANTEQUERA (MALAGA)",3.0,http://www.asesorianeico.com,Comunicación y relaciones públicas
COMUNICACIONES ENRA S.L.,,958846749,"PLAZA CATEDRATICA ASUNCION LINARES, 5 18016 GRANADA (GRANADA)",3.0,,Comunicación y relaciones públicas
PRESTOMEDIA,,948240885,"CALLE CEA BERMUDEZ, 70 PLT 1 DCHA 28003 MADRID (MADRID)",3.0,http://www.prestomedia.es,Comunicación y relaciones públicas
CM INICIATIVAS DE COMUNICACION,Informacion@boutiqueviajera.com,913540333,"CALLE MAZARREDO, 16 28005 MADRID (MADRID)",3.0,http://www.cymcomunicacion.com,Comunicación y relaciones públicas
CLOTET COMUNICACIO,,912975440,"GRAN VIA DE CARLES III, 98 P 10 08028 BARCELONA (BARCELONA)",3.0,http://www.clotetcomunicacion.com,Comunicación y relaciones públicas
GRUPO GODO,Jcaminal@grupogodo.com,932704520,"AVINGUDA DIAGONAL, 477 1 08036 BARCELONA (BARCELONA)",3.0,http://www.grupogodo.com,Comunicación y relaciones públicas
MISION IMPOSIBLE,,914357889,"CALLE ALCALA, 87 28009 MADRID (MADRID)",3.0,http://www.mision-imposible.com,Comunicación y relaciones públicas
LIBRERIADADA,,963030133,"CARRER TURIA, 53 46008 VALENCIA (VALENCIA)",3.0,http://www.libreriadada.com,Comunicación y relaciones públicas
TRISQUELIA,,986101323,"RUA GARCIA CAMBA, 4 36001 PONTEVEDRA (PONTEVEDRA)",3.0,http://www.trisquelia.com,Comunicación y relaciones públicas
CODIGO BARRAS NETWORKS S.L.,,932058076,"CALLE MARQUES DEL RISCAL, 11 2 28010 MADRID (MADRID)",3.0,https://www.shopall.es,Comunicación y relaciones públicas
21 BUTTONS,usershelp@21buttons.com,,"Carretera de Santa Eulàlia de Puig Oriol Km.7, 08515 Sant Martí d'Albars (BARCELONA)",3.0,https://www.21buttons.com,Comunicación y relaciones públicas
NO SOLO UNA IDEA,Info@nosolounaidea.com,958994637,"PLAZA PESCADERIA, 1 18001 GRANADA (GRANADA)",3.0,http://www.nosolounaidea.com,Comunicación y relaciones públicas
LIALT WYTOS SOCIEDAD LIMITADA,,961479912,"CARRER PINTOR PACO ROMEU, 49 46540 EL PUIG DE SANTA MARIA (VALENCIA)",3.0,,Comunicación y relaciones públicas
POVEDACONSULTORES,,976484813,"PASEO SAGASTA, 62 ESC 1 3 B 50006 ZARAGOZA (ZARAGOZA)",3.0,http://www.povedaconsultores.es,Comunicación y relaciones públicas
RUIMORMA S.L.,,913235633,"CALLE PADRE RUBIO, 3 28029 MADRID (MADRID)",3.0,,Comunicación y relaciones públicas
STORY J. PAYA S.L.,,916301712,"CALLE CABO TARIFA, 3 28290 LAS MATAS - PINAR - MONTE ROZAS (MADRID)",3.0,,Comunicación y relaciones públicas
LEADERS,,,SANT PERE MARTI 14 08012 BARCELONA (BARCELONA),3.0,https://es.ldrsgroup.com,Comunicación y relaciones públicas
INFLUENCITY,Info@influencity.com,,"CALLE ROGER DE LAURIA, NÚMERO 19, 2º C 46002 VALENCIA (VALENCIA)",3.0,https://influencity.com,Comunicación y relaciones públicas
RYADAILY,M.faine@meetthewalkers.net,934142340,"AVINGUDA PAU CASALS, 13 15 PLT 7 08021 BARCELONA (BARCELONA)",3.0,http://www.ryadaily.es,Comunicación y relaciones públicas
TSIGRUPO,Tsi@tsigrupo.com,916422323,"CALLE FAISAN, 9 28946 FUENLABRADA (MADRID)",3.0,http://www.tsigrupo.com,Comunicación y relaciones públicas
AVANZADA7,Claudia.deleon@avanzada7.com,952028709,"CALLE MARQUES DE LARIOS, 5 PTL 2 2 DCHA 29015 MÁLAGA (MALAGA)",3.0,http://www.avanzada7.com,Comunicación y relaciones públicas
PERCEPTION & IMAGE,,913514067,"CALLE HORTALEZA, 104 1 28004 MADRID (MADRID)",3.0,http://www.perception-image.com,Comunicación y relaciones públicas
GRUPO ALBION,Nzapico@grupoalbion.net,915249890,"CALLE MONTE ESQUINZA, 28 7 ª PLT 28010 MADRID (MADRID)",3.0,http://www.grupoalbion.net,Comunicación y relaciones públicas
GRAYLING,Sevilla@grayling.com,915221008,"PASEO CASTELLANA, 8 5 IZDA 28046 MADRID (MADRID)",3.0,http://www.grayling.es,Comunicación y relaciones públicas
MINERVA CONSULTING 2013 SL,,,"CALLE MARCENADO, 37 28002 MADRID (MADRID)",3.0,,Comunicación y relaciones públicas
CINK SHAKING BUSINESS,Info@cink.es,933681572,"CARRER GIRONA, 52 LOCAL C PTA 2 08009 BARCELONA (BARCELONA)",3.0,http://www.cink.es,Comunicación y relaciones públicas
GUIA PENIN,,914119464,"CALLE GRAN VIA, 16 3 CTRO 28013 MADRID (MADRID)",3.0,http://www.guiapenin.com,Comunicación y relaciones públicas
CASAS DE POLOP S.L.,,966895520,"CARRER MAJOR, 9 03520 POLOP (ALACANT)",3.0,,Comunicación y relaciones públicas
A PORTADA COMUNICACIO SL,,933182650,"PLAÇA FRANCESC MACIA, 5 ENT 1 08021 BARCELONA (BARCELONA)",3.0,http://www.aportada.com,Comunicación y relaciones públicas
CONSULTORES QUANTUMLEAP,,917818090,"CALLE VELAZQUEZ, 31 28001 MADRID (MADRID)",3.0,http://www.quantumleap-es.com,Comunicación y relaciones públicas
REPORT-COMUNICACION,,913513636,"CALLE VENUS, 8 28224 POZUELO DE ALARCÓN (MADRID)",3.0,http://www.report-comunicacion.com,Comunicación y relaciones públicas
ACEBAL COMUNICACION S. L.,,985240094,"AVENIDA DE GALICIA, 19 5 DCHA 33005 OVIEDO (PRINCIPAU D ASTURIES)",3.0,,Comunicación y relaciones públicas
"SATYA COMUNICACION, SL",,917000463,"CALLE FUENCARRAL, 127 2 DERECHA 28010 MADRID (MADRID)",3.0,,Comunicación y relaciones públicas
CONCHA MARCOS & EQUIPO,,912198022,"CALLE PIZARRO, 19 2 DR 28004 MADRID (MADRID)",3.0,,Comunicación y relaciones públicas
BCN PRESS,,932376434,"AVINGUDA MADRID, 95 P AT PTA 2 08028 BARCELONA (BARCELONA)",3.0,http://www.bcnpress.com,Comunicación y relaciones públicas
CONSULTING INMOBILIARIO VALMAR S.L.,,918150838,"CALLE DE SANTA MARIA DEL RETAMAR, 17 28229 VILLANUEVA DEL PARDILLO (MADRID)",3.0,http://nuevanatura.es,Comunicación y relaciones públicas
ARTELIER COMUNICACION Y EVENTOS SL,,916266036,"PASEO CASTELLANA, 280 BJ D 28046 MADRID (MADRID)",3.0,,Comunicación y relaciones públicas
KETCHUM PUBLIC AFFAIRS SL,,,"CALLE LUCHANA, 23 4 28010 MADRID (MADRID)",3.0,,Comunicación y relaciones públicas
AYA IMAGEN Y COMUNICACION S.L.,,917000257,"PASEO CASTELLANA, 171 10 IZDA 28046 MADRID (MADRID)",3.0,,Comunicación y relaciones públicas
MINIMA,Cuentas@minima.es,922285810,"CALLE BETHENCOURT ALFONSO, 21 2 DE 38002 SANTA CRUZ DE TENERIFE (TENERIFE)",3.0,http://www.minima.es,Comunicación y relaciones públicas
IMAGE PROFILE S.L.,,,"CALLE LOPEZ SANTOS, 2 28231 LAS ROZAS DE MADRID (MADRID)",3.0,http://www.image-profile.com,Comunicación y relaciones públicas
SHOWTIME COMMUNICATION INSTINCT SL,Info@showtimespain.com,915561073,"CALLE DE LAS ARIZONICAS, 16 28223 POZUELO DE ALARCÓN (MADRID)",3.0,,Comunicación y relaciones públicas
ATKINSON Y ASOCIADOS S.L.,Iatkinson@atkinson-asociados.com,934143737,"TRAVESSERA DE GRACIA, 17 08021 BARCELONA (BARCELONA)",3.0,,Comunicación y relaciones públicas
ART MARKETING COMUNICACION Y ARTE S.L.,,913513151,"CALLE CARIDAD, 21 A 28224 POZUELO DE ALARCÓN (MADRID)",3.0,http://encasodeemergencia.es,Comunicación y relaciones públicas
PRISMA COMUNICACION INTEGRAL Y MARKETING SL,,913571984,"PLAZA CASTILLA, 3 28046 MADRID (MADRID)",3.0,,Comunicación y relaciones públicas
LENCI CONSULTING S.L.,,915902290,"CALLE GUADALQUIVIR, 5 28002 MADRID (MADRID)",3.0,,Comunicación y relaciones públicas
IPCOMUNICACION,Info@ipcomunicacion.com,,"VIA AUGUSTA, 48 54 P EN PTA 1 08006 BARCELONA (BARCELONA)",3.0,http://www.ipcomunicacion.com,Comunicación y relaciones públicas
NEO COMUNICACION Y RR PP SL,,916795971,"CALLE JOAQUIN TURINA, 15 B A 28222 MAJADAHONDA (MADRID)",3.0,,Comunicación y relaciones públicas
CONTEBCN COMUNICA S.L.,Jconte@contebcncomunica.com,932175650,"CARRER NICARAGUA, 54 P 2 PTA 4 08029 BARCELONA (BARCELONA)",3.0,,Comunicación y relaciones públicas
D Y P DISEÑO Y PUBLICIDAD SL,Cristina@grupodisenoypublicidad.com,913524647,"CALLE SAN JAVIER, 1 BIS 28231 LAS ROZAS DE MADRID (MADRID)",3.0,http://www.grupodisenoypublicidad.com,Comunicación y relaciones públicas
KERYX,,,"CARRER CIRILO AMOROS, 76 46004 VALENCIA (VALENCIA)",3.0,http://www.keryx.es,Comunicación y relaciones públicas
COMUNICACIONES DAMACIO SOCIEDAD LIMITADA.,,946053791,"KALEA LEDESMA, 10 BIS 48001 BILBO (BIZKAIA)",3.0,,Comunicación y relaciones públicas
VISUALSPEECH,,934089535,"CARRER RAMON MIQUEL I PLANAS, 17 08034 BARCELONA (BARCELONA)",3.0,http://www.visualspeech.es,Comunicación y relaciones públicas
MASSCOM,,915471865,"CALLE MARTIN DE LOS HEROS, 20 1 IZ 28008 MADRID (MADRID)",3.0,http://www.masscom.es,Comunicación y relaciones públicas
INFLUENCE & PROFIT,P@influenceandprofit.com,913267933,"CALLE LUIS PIERNAS, 29 28017 MADRID (MADRID)",3.0,http://www.influenceandprofit.com,Comunicación y relaciones públicas
ENERGI,,913083783,"CALLE CAMPOAMOR, 12 28004 MADRID (MADRID)",3.0,http://www.energi.it,Comunicación y relaciones públicas
STRONG ELEMENT SL,,918587555,"CALLE PEÑA SACRA, 18 28260 GALAPAGAR (MADRID)",3.0,,Comunicación y relaciones públicas
MOUVANCE S.L.,,934391449,"CARRER COMTE D'URGELL, 280 08036 BARCELONA (BARCELONA)",3.0,,Comunicación y relaciones públicas
AVCONSULTORES,,916237561,"AVENIDA DE PESADILLA, 42 28708 FUENTE DEL FRESNO (MADRID)",3.0,http://www.avconsultores.net,Comunicación y relaciones públicas
"NAGUAL, C.B.",Info@centronagual.es,912990864,"CARRETERA CANILLAS, 44 28043 MADRID (MADRID)",3.0,http://www.centronagual.es,Comunicación y relaciones públicas
EMEKACOMUNICACION,,964062929,"CARRER CERDAN DE TALLADA, 2 12004 CASTELLÓ DE LA PLANA (CASTELLO)",3.0,http://www.emekacomunicacion.com,Comunicación y relaciones públicas
COMCO COMUNICACION INTEGRAL S.L.,,914361800,"CALLE FERNANDO EL SANTO, 27 28010 MADRID (MADRID)",3.0,http://www.comco.es,Comunicación y relaciones públicas
KORPAS S.C,,955601742,"CALLE DISEÑO, 8 PGNO IND PISA 41927 MAIRENA DEL ALJARAFE (SEVILLA)",3.0,http://www.imagenkorpas.com,Comunicación y relaciones públicas
THE MAMASU AGENCY S.C.,,934342385,"CARRER BALLESTER, 57 08023 BARCELONA (BARCELONA)",3.0,http://ppelprat.es,Comunicación y relaciones públicas
VITAPLANING DE COMUNICACIONES S.L.,,916508259,"CALLE DE LA VEREDILLA, 31 28109 ALCOBENDAS (MADRID)",3.0,,Comunicación y relaciones públicas
ZINE CONSULTORES S.L.,,,"CALLE GRAN VIA, 6 4 28013 MADRID (MADRID)",3.0,,Comunicación y relaciones públicas
ICARIA COMUNICACION E IMAGEN S.L.,,933575066,"CALLE BRONCE, 35 2 PUERTA 12 28045 MADRID (MADRID)",3.0,,Comunicación y relaciones públicas
MULTIMEDIA CAPITAL S.L.,,,"CALLE VELAZQUEZ, 94 1 I 28006 MADRID (MADRID)",3.0,,Comunicación y relaciones públicas
RPZCOMUNICACION,,916506480,"CALLE DE LA AZALEA, 42 ZADE MINIPARC I 28109 ALCOBENDAS (MADRID)",3.0,http://www.rpzcomunicacion.com,Comunicación y relaciones públicas
ELNOMBREDELASCOSAS,F.beltran@elnombredelascosas.com,915410859,"CALLE MARQUES DE URQUIJO, 24 28008 MADRID (MADRID)",3.0,http://www.elnombredelascosas.com,Comunicación y relaciones públicas
CONSULTA CORES SL,,915344596,"CALLE BOIX Y MORER, 15 BJ C 28003 MADRID (MADRID)",3.0,,Comunicación y relaciones públicas
ELISABET ABRIL MASO JAVIER OLIVE OLIVE,,934740756,"RAMBLA ANSELM CLAVE, S/N 08940 CORNELLÀ DE LLOBREGAT (BARCELONA)",3.0,,Comunicación y relaciones públicas
ONE 2 PAT SL,,915233360,"CALLE JOVELLANOS, 5 28014 MADRID (MADRID)",3.0,,Comunicación y relaciones públicas
RECUPLANT SL,,962435068,"PLAÇA DE CARRERES, 13 46740 CARCAIXENT (VALENCIA)",3.0,,Comunicación y relaciones públicas
CADECOMUNICACION,,984194439,"CALLE URIA, 43 4 DCHA 33003 OVIEDO (PRINCIPAU D ASTURIES)",3.0,http://www.cadecomunicacion.com,Comunicación y relaciones públicas
XARLI DIEGO COMUNICACION S.L.,,937591268,"CARRER DE MARIA VIDAL, 64 08340 VILASSAR DE MAR (BARCELONA)",3.0,,Comunicación y relaciones públicas
COMUNICACION CONSULTORES EN COMUNICACION Y RELACIONES PUBLICAS S.L.,,913662479,"CALLE MALDONADAS, 6 28005 MADRID (MADRID)",3.0,,Comunicación y relaciones públicas
SFERA 2100 S.L.,,,"CALLE FERMIN CABALLERO, 24 28034 MADRID (MADRID)",3.0,,Comunicación y relaciones públicas
"CIRERER, S.L.",,934146743,"CALLE SERRANO, 98 1 INT DCHA 28006 MADRID (MADRID)",3.0,,Comunicación y relaciones públicas
IRIS TELEPROMOCIONES S.L.,,912537025,"CALLE MARTIN DE LOS HEROS, 18 28008 MADRID (MADRID)",3.0,,Comunicación y relaciones públicas
SEIS UVEDOBLE PROYECTOS DE COMUNICACION SL.,,913076730,"CALLE CUEVAS DEL VALLE, 14 28023 MADRID (MADRID)",3.0,,Comunicación y relaciones públicas
CORCPORATIVA,,933934444,"CARRER TAULAT, 93 08005 BARCELONA (BARCELONA)",3.0,http://www.corcporativa.com,Comunicación y relaciones públicas
CONSUELO SILVEIRA,Info@consuelosilveira.com,915759429,"CALLE FLORENCIO CANO CRISTOBAL, 6 28030 MADRID (MADRID)",3.0,http://www.consuelosilveira.com,Comunicación y relaciones públicas
GLOBAL DESIGN,,914452602,"CALLE RODRIGUEZ SAN PEDRO, 2 28015 MADRID (MADRID)",3.0,http://www.globaldesign.es,Comunicación y relaciones públicas
E C M XXI ASESORES DE COMUNICACION S.L.,,934855035,"CARRER PALLARS, 220 08005 BARCELONA (BARCELONA)",3.0,,Comunicación y relaciones públicas
DELTA MULTISERVICIOS S.L.,,983700562,"AVENIDA JUAN CARLOS I, 3 47800 MEDINA DE RIOSECO (VALLADOLID)",3.0,,Comunicación y relaciones públicas
BRAND INSIGHT S.L.,,933190652,"PASSATGE SERT, 15 08003 BARCELONA (BARCELONA)",3.0,,Comunicación y relaciones públicas
CANARIAS IMAGEN Y COMUNICACIONES SL,,922321515,"CALLE DOCTOR DOMINGO GONZALEZ GARCIA, 68 38300 LA OROTAVA (TENERIFE)",3.0,,Comunicación y relaciones públicas
MISCELANEA ACCIONES PARA LA COMUNICACION S.L.,,,"KALEA SANTA CRUZ DE ARDOI, 45 31180 ZIZUR NAGUSIA (NAFARROA)",3.0,,Comunicación y relaciones públicas
AFONDO COMUNICACION S.L.,,915746097,"CAMINO DEL CURA, 99 28109 ALCOBENDAS (MADRID)",3.0,,Comunicación y relaciones públicas
TORRE&ALIAGA COMUNICACION SL,,957470361,"PLAZA CRUZ DEL RASTRO, 2 2 14002 CÓRDOBA (CORDOBA)",3.0,,Comunicación y relaciones públicas
LARIZGOITIA & VILLAMANDOS COMUNICACION SOCIEDAD LIMITADA.,,944327387,"KALE NAGUSIA DON DIEGO LOPEZ HAROKO, 17 6 48001 BILBO (BIZKAIA)",3.0,,Comunicación y relaciones públicas
ASESORES DE SERVICIOS INTEGRALES DE COMUNICACION SL,,,"RUA MANUEL NUÑEZ, 3 4 1 36203 VIGO (PONTEVEDRA)",3.0,http://www.abano.es,Comunicación y relaciones públicas
ALCANTARA SPORT PUBLICIDAD,,918591706,"CALLE VICTOR DE LA SERNA, 2 28016 MADRID (MADRID)",3.0,,Comunicación y relaciones públicas
GRAND STAR,,,"CALLE LOPEZ DE HOYOS, 7 28006 MADRID (MADRID)",3.0,http://www.grandstar.net,Comunicación y relaciones públicas
QUART DISSENY I COMUNICACIO S.L.,,934870007,"CARRER MALLORCA, 237 BIS P 2 PTA 2 08008 BARCELONA (BARCELONA)",3.0,,Comunicación y relaciones públicas
PANIAGUA CONSULTORES,Cpaniagua@paniagua.com.es,914362849,"CALLE JOSE ABASCAL, 44 1 DCHA 28003 MADRID (MADRID)",3.0,http://www.paniagua.com.es,Comunicación y relaciones públicas
FOSTER DE GOLAGE S.L.,,918977580,"CALLE INFANTA CRISTINA, 44 28210 VALDEMORILLO (MADRID)",3.0,,Comunicación y relaciones públicas
BRIEFING COMUNICACION SL,,914017083,"CALLE DIEGO DE LEON, 56 28006 MADRID (MADRID)",3.0,,Comunicación y relaciones públicas
RGB COMUNICACION S. L.,,915427956,"CALLE HILARION ESLAVA, 52 6 DCHA 28015 MADRID (MADRID)",3.0,,Comunicación y relaciones públicas
CSPGM,,913103600,"CALLE SAN LUCAS, 6 28004 MADRID (MADRID)",3.0,http://www.cspgm.com,Comunicación y relaciones públicas
"ALBEROYPUNTO,S.L.",,,"CALLE SOROLLA, 61 28222 MAJADAHONDA (MADRID)",3.0,,Comunicación y relaciones públicas
ALFER 92 S.L.,,932007309,"PLAÇA FRANCESC MACIA, 8 9 PRAL D 08029 BARCELONA (BARCELONA)",3.0,,Comunicación y relaciones públicas
A.D.C. ALTERNATIVAS DE COMUNICACION S.L.,,968222144,"CALLE CALDERON DE LA BARCA, 1 30001 MURCIA (MURCIA)",3.0,,Comunicación y relaciones públicas
H2O COMUNICACIO,,938604296,"CARRER COMERÇ, 29 08401 GRANOLLERS (BARCELONA)",3.0,,Comunicación y relaciones públicas
GARCIA ROMAN COMUNICACIONES S.L.,,957159032,"CALLE REAL, 14 14413 EL GUIJO (CORDOBA)",3.0,,Comunicación y relaciones públicas
EL HOMBRE CON DOS CEREBROS S.L.,,950472669,"CALLE REINA, 31 1 DCHA 28004 MADRID (MADRID)",3.0,,Comunicación y relaciones públicas
WOW ONLINE SL,,915213335,"CALLE VALVERDE, 13 28004 MADRID (MADRID)",3.0,,Comunicación y relaciones públicas
"ENOBARBUS,S.L.",,938165183,"CARRER PROVENÇA, 537 ENT A 08025 BARCELONA (BARCELONA)",3.0,,Comunicación y relaciones públicas
TALENTO,,954212407,"CALLE INNOVACION, 2 1 H 41020 SEVILLA (SEVILLA)",3.0,http://www.talento.es,Comunicación y relaciones públicas
VITAL COMUNICACION S.L.,,917188747,"CALLE ISABEL CLARA EUGENIA, 8 28050 MADRID (MADRID)",3.0,,Comunicación y relaciones públicas
COMUNICA IMAGEN Y COMUNICACION SL,,956337958,"CALLE CIRCO, 13 2 C 11405 JEREZ DE LA FRONTERA (CADIZ)",3.0,,Comunicación y relaciones públicas
YELLOW MEDIA COMUNICACION Y MARKETING S.L.,,913191468,"PLAZA SANTA BARBARA, 9 28004 MADRID (MADRID)",3.0,,Comunicación y relaciones públicas
NOLSOM COMUNICACION MULTICANAL SL,,918570137,"CALLE MEDITERRANEO, 21 URBN VISTABELLA 28430 ALPEDRETE (MADRID)",3.0,,Comunicación y relaciones públicas
ESSA,,932726164,"CARRER PROVENÇA, 233 08008 BARCELONA (BARCELONA)",3.0,http://www.essaweb.com,Comunicación y relaciones públicas
"BABILES ASESORAMIENTO, SOCIEDAD LIMITADA",,914489759,"CALLE CARDENAL CISNEROS, 10 28010 MADRID (MADRID)",3.0,,Comunicación y relaciones públicas
ANDREA VILALLONGA S.L.,,931064511,"PASSEIG DE GRACIA, 21 08007 BARCELONA (BARCELONA)",3.0,,Comunicación y relaciones públicas
RIBALTA ASSESSORS D IMATGE SL,,977315522,"CARRER SANT JOAQUIM, 40 43202 REUS (TARRAGONA)",3.0,,Comunicación y relaciones públicas
THE WHITE OFFICE AGENCIA DE COMUNICACION S.L.,,913910452,"CALLE GENERAL CASTAÑOS, 13 1 D 28004 MADRID (MADRID)",3.0,http://www.thewhiteoffice.com,Comunicación y relaciones públicas
IBER GRUP 96 SABADELL SL,,937174401,"CARRER MOLA, 56 08207 SABADELL (BARCELONA)",3.0,,Comunicación y relaciones públicas
ERRE-QUE-ERRE,Estudio@erre-que-erre.com,958804942,"CUESTA DE SAN GREGORIO, 17 18010 GRANADA (GRANADA)",3.0,http://www.erre-que-erre.com,Comunicación y relaciones públicas
JAVIERCEBOLLADA,,976212675,"CALLE GRAN VIA, 28 50005 ZARAGOZA (ZARAGOZA)",3.0,http://www.javiercebollada.com,Comunicación y relaciones públicas
INELOJI S.L.,,968757300,"PLAZA REY DON PEDRO I, 9 1 DCHA 30520 JUMILLA (MURCIA)",3.0,,Comunicación y relaciones públicas
LAS VEGAS COMUNICACION S.C.,,,"PLAZA DE VENTURA RODRIGUEZ, 17 28350 CIEMPOZUELOS (MADRID)",3.0,,Comunicación y relaciones públicas
NUEVOSDE,,915475857,"CALLE SEGOVIA, 22 28005 MADRID (MADRID)",3.0,http://www.nuevosde.com,Comunicación y relaciones públicas
IMAGEN RADIOLOGICA INTEGRAL S.L.,,916582241,"CALLE ITALIA, 11 28860 PARACUELLOS DE JARAMA (MADRID)",3.0,,Comunicación y relaciones públicas
SANCHIS Y ASOCIADOS HISPACOM S.L.,,915225407,"CALLE ZORRILLA, 21 28014 MADRID (MADRID)",3.0,,Comunicación y relaciones públicas
MARTINEZ MORATA S.L.,,913523886,"CALLE VALLE DE ANSO, 12 28669 URBANIZACIONES NOROESTE (MADRID)",3.0,http://www.acc-express.com,Comunicación y relaciones públicas
MINSK ESPAÑA BELLEZA INTERNACIONAL S.L.,,986482385,"RUA ECUADOR, 83 36204 VIGO (PONTEVEDRA)",3.0,,Comunicación y relaciones públicas
ENKASTA COMUNICACION S.L.,,916335146,"CALLE DE ISAAC PERAL, 8 28660 BOADILLA DEL MONTE (MADRID)",3.0,,Comunicación y relaciones públicas
COMUNICACION IN STORE CLIENTE S.L.,,918043381,"CALLE LEON XIII, 1 3 ESC IZDA 6 A 50008 ZARAGOZA (ZARAGOZA)",3.0,,Comunicación y relaciones públicas
WEALTH SECUR SL,,913102432,"CALLE GENERAL CASTAÑOS, 7 28004 MADRID (MADRID)",3.0,,Comunicación y relaciones públicas
CERIANI & CASADO CONSULTING S.L.,,917414375,"PASEO ALAMEDA DE OSUNA, 50 28042 MADRID (MADRID)",3.0,,Comunicación y relaciones públicas
DRIMOAC SL,,928285682,"CARRER DOCTOR MAS DE XAXARS, 4 URBN EL SOLELL 08328 ALELLA (BARCELONA)",3.0,,Comunicación y relaciones públicas
VIEWPOINT COMMUNICATION SL,,917046470,"CALLE MIGUEL GILA, 14 2 B 28023 MADRID (MADRID)",3.0,http://www.viewpoint.es,Comunicación y relaciones públicas
INMEDIA,Info@inmedia.es,932692489,"AVINGUDA SARRIA, 67 BIS P 8 08029 BARCELONA (BARCELONA)",3.0,http://www.inmedia.es,Comunicación y relaciones públicas
MINDSHARE,,934959400,"AVINGUDA JOSEP TARRADELLAS, 123 08029 BARCELONA (BARCELONA)",3.0,http://www.mindshare.es,Comunicación y relaciones públicas
LINA ORTAS COMUNICACION,,,"CALLE ORENSE, 27 5 D 28020 MADRID (MADRID)",3.0,,Comunicación y relaciones públicas
GPS IMAGEN Y COMUNICACION SL,,914025282,"CALLE FRANCISCO SILVELA, 51 28028 MADRID (MADRID)",3.0,http://www.gpscom.com,Comunicación y relaciones públicas
GPS IMAGEN Y COMUNICACION SL,,918482428,"CARRETERA DE MIRAFLORES, 38 28720 BUSTARVIEJO (MADRID)",3.0,http://www.gpscom.com,Comunicación y relaciones públicas
GABINETE GIC S.L.,,,"CALLE VELAZQUEZ, 126 28006 MADRID (MADRID)",3.0,http://www.hermes.com,Comunicación y relaciones públicas
PRISMA COMUNICACION INTEGRAL Y MARKETING SL,,949336946,"AVENIDA VARSOVIA, 94 19170 EL COTO (GUADALAJARA)",3.0,,Comunicación y relaciones públicas
MUNDALIA,Info@mundalia.com,915428967,"CALLE PRINCESA, 3 28008 MADRID (MADRID)",3.0,http://www.mundalia.com,Comunicación y relaciones públicas
VG GLOBAL DATAMEDIA COMUNICACION SL,,986222054,"RUA ELDUAYEN, 16 36202 VIGO (PONTEVEDRA)",3.0,http://www.barloventocomunicacion.es,Comunicación y relaciones públicas
FOTOVIN,,913521144,"CALLE MEDIODIA, 10 28223 POZUELO DE ALARCÓN (MADRID)",3.0,http://www.fotovin.com,Comunicación y relaciones públicas
"3LEMON SOLUCIONES TECNOLOGICAS, S.L.",Info@3lemon.com,,"PASEO GENERAL MARTINEZ CAMPOS, 9 28010 MADRID (MADRID)",3.0,,Comunicación y relaciones públicas
KETCHUM,,917883200,"CALLE HERMANOS BECQUER, 6 28006 MADRID (MADRID)",3.0,http://www.ketchum.com/spain,Comunicación y relaciones públicas
KETCHUM,,934571300,"CARRER ARAGO, 183 08011 BARCELONA (BARCELONA)",3.0,http://www.ketchum.com/spain,Comunicación y relaciones públicas
SAATCHI,,933688356,"CARRER LAFORJA, 12 08006 BARCELONA (BARCELONA)",3.0,http://www.saatchi.com,Comunicación y relaciones públicas
SAATCHI,,932179620,"AVINGUDA DIAGONAL, 464 08006 BARCELONA (BARCELONA)",3.0,http://www.saatchi.com,Comunicación y relaciones públicas
TSIGRUPO,,918874170,"CARRETERA AJALVIR DAGANZO, S/N 28864 AJALVIR (MADRID)",3.0,http://www.tsigrupo.com,Comunicación y relaciones públicas
GRAYLING,,,"KALEA COLON DE LARREATEGUI, 26 F 5 1 48009 BILBO (BIZKAIA)",3.0,http://www.grayling.es,Comunicación y relaciones públicas
GRAYLING,,954933100,"AVENIDA SAN FRANCISCO JAVIER, 22 41018 SEVILLA (SEVILLA)",3.0,http://www.grayling.es,Comunicación y relaciones públicas
ACEBAL COMUNICACION S. L.,,984050672,"CALLE MARQUES DE SAN ESTEBAN, 9 33206 XIXON (PRINCIPAU D ASTURIES)",3.0,,Comunicación y relaciones públicas
IMAGE PROFILE S.L.,,,"VIA DE LAS DOS CASTILLAS, 33 28224 POZUELO DE ALARCÓN (MADRID)",3.0,http://www.image-profile.com,Comunicación y relaciones públicas
CANDELA COMUNICACION S.L.,,950380051,"CALLE LAS OLAS, 43 04118 SAN JOSÉ (ALMERIA)",3.0,,Comunicación y relaciones públicas
GRANDSTAR,,918901895,"CALLE DE ALFONSO XIII, 22 28280 EL ESCORIAL (MADRID)",3.0,http://www.grandstar.net,Comunicación y relaciones públicas
CANARIAS IMAGEN Y COMUNICACIONES SL,,922303199,"CARRETERA GENERAL, 201 38390 SANTA ÚRSULA (TENERIFE)",3.0,,Comunicación y relaciones públicas
MANDARINA FILMS S.L.,,,"CALLE HERMOSILLA, 102 28009 MADRID (MADRID)",3.0,,Comunicación y relaciones públicas
AVCONSULTORES,,942589831,"LUGAR BARRIO LAS VENERAS, S/N 39478 ARCE (CANTABRIA)",3.0,http://www.avconsultores.net,Comunicación y relaciones públicas
SFERA 2100 S.L.,,,"CALLE FINISTERRE, 34 28029 MADRID (MADRID)",3.0,,Comunicación y relaciones públicas
METAFORACOM,Contacto@metaforacom.com,983132896,"CALLE ATRIO DE SANTIAGO, 1 2 B 47001 VALLADOLID (Valladolid )",3.0,http://www.metaforacom.com,Comunicación y relaciones públicas
ARTERIA COMUNICACIO EN SALUT S.L.,,934544997,"CARRER ROSSELLO, 237 08008 BARCELONA (Barcelona )",3.0,http://www.arteriacomunicacio.com,Comunicación y relaciones públicas
LAUNCHMETRICS,,917701700,CALLE ORENSE 6 28020 MADRID (MADRID),3.0,https://www.launchmetrics.com,Comunicación y relaciones públicas
BRANDMANIC,Hola@brandmanic.com,961826824,AVENIDA BENJAMIN FRANKLIN  PATERNA (VALENCIA),3.0,http://www.brandmanic.com,Comunicación y relaciones públicas
LIGHT BROS CREATIVE,Info@lightbroscreative.com,,"CALLE ORELLANA 5, 1 IZQ 28004 MADRID (MADRID)",3.0,http://www.lightbroscreative.com,Comunicación y relaciones públicas
FULLSTAR,Info@fullstar.com,,(),3.0,https://fullstar.com,Comunicación y relaciones públicas
SOCIALPUBLI,Hola@internetrepublica.com,913913305,CALLE ALCALA 21 28014 MADRID (MADRID),3.0,https://socialpubli.com,Comunicación y relaciones públicas
HELLO MEDIA GROUP,Info@hellomedia.com,902333654,PASEO DE LA CASTELLANA 95 28046 MADRID (MADRID),3.0,https://hellomedia.com,Comunicación y relaciones públicas
INFINITC,Infinitc@infinitc.com,915798188,CALLE PADILLA 32 28006 MADRID (MADRID),3.0,http://infinitc.com,Comunicación y relaciones públicas
ROAD-SHOW ENTERTAINMENT S.L.,offline@enaccion.com,910264587,PINAR DE SOMOSAGUAS 28223 POZUELO DE ALARCON (MADRID),3.0,https://www.enaccion.com/?,Comunicación y relaciones públicas
WFM Comunicación,comunicacion@wfm.es,910821072,Hermosilla 48 28001 Madrid (Madrid ),0.0,https://wfm.es/,Comunicación y relaciones públicas
Reech,ernesto@reech.com,611471271,Castellana 77 28046 Madrid (Madrid),0.0,http://www.reech.com,Comunicación y relaciones públicas
Las Pruebas de Alberto,,666000000,Madrid (Madrid),0.0,https://www.datacentric.es/,Comunicación y relaciones públicas
The Crazy Bunnies,maca@thecrazybunnies.com,647600407,"Calle Palma 7, 1ºB 28004 Madrid (Madrid)",0.0,http://www.thecrazybunnies.com,Comunicación y relaciones públicas
